unit_id,review_pmid,result_file,outcome,analysis_type,effect_measure,pooled_effect,ci_lower,ci_upper,direction,i2,tau2
MA-001,41507873,41507873_Alzheimer.csv,Alzheimer,dichotomous,OR,0.86,0.77,0.94,negative,67.4,
MA-002,41507873,41507873_Depression.csv,Depression,dichotomous,OR,0.72,0.55,0.90,negative,98.2,
MA-003,41617837,41617837_Anxiety.csv,Anxiety,dichotomous,RR,1.14,0.85,1.53,positive,40,0.03
MA-004,41617837,41617837_CompositeMentalIllnesses.csv,CompositeMentalIllnesses,dichotomous,RR,1.12,1.06,1.18,positive,83,0.01
MA-005,41617837,41617837_Depression.csv,Depression,dichotomous,RR,1.18,1.03,1.34,positive,63,0.01
MA-006,41617837,41617837_MentalHealthDisorders.csv,MentalHealthDisorders,dichotomous,RR,1.13,1.08,1.19,positive,68,0.00
MA-007,41617837,41617837_SchizophreniaPsychoticDisorders.csv,SchizophreniaPsychoticDisorders,dichotomous,RR,1.14,1.01,1.28,positive,76,0.01
MA-008,41617837,41617837_Suicide.csv,Suicide,dichotomous,RR,1.01,1.01,1.02,positive,83,0.00
MA-009,41639651,41639651_DBP.csv,DBP,continuous,beta,0.38,-0.18,0.94,positive,99.7,
MA-010,41639651,41639651_SBP.csv,SBP,continuous,beta,1.13,0.08,2.19,positive,99.6,
MA-011,41566983,41566983_InfectionLongTerm.csv,InfectionLongTerm,dichotomous,RR,1.41,1.28,1.56,positive,99.27,
MA-012,41566983,41566983_InfectionShortTerm.csv,InfectionShortTerm,dichotomous,RR,1.12,1.07,1.18,positive,76.49,
MA-013,41566983,41566983_MortalityShortTerm.csv,MortalityShortTerm,dichotomous,RR,1.37,0.80,2.33,positive,,
MA-014,41835126,41835126_HRISymptoms.csv,HRISymptoms,proportion,Proportion,0.40,0.24,0.58,not_applicable,98.7,1.2602
MA-015,41970007,41970007_DBP.csv,DBP,continuous,SMD,0.04,-0.12,0.20,positive,0,
MA-016,41970007,41970007_Ozone.csv,Ozone,continuous,MD,-0.66,-2.52,1.20,negative,58,1.17
MA-017,41970007,41970007_PM1.csv,PM1,continuous,MD,-18.27,-21.50,-15.04,negative,63,5.81
MA-018,41970007,41970007_PM10.csv,PM10,continuous,MD,-38.14,-51.56,-24.73,negative,89,124.69
MA-019,41970007,41970007_PM25.csv,PM25,continuous,MD,-24.49,-32.06,-16.93,negative,97,148.61
MA-020,41970007,41970007_RespiratorySymptoms.csv,RespiratorySymptoms,continuous,SMD,-0.18,-0.45,0.09,negative,60,0.10
MA-021,41970007,41970007_SBP.csv,SBP,continuous,SMD,-0.00,-0.16,0.16,null,0,
MA-022,41830012,41830012_AllCauseMortality.csv,AllCauseMortality,dichotomous,RR,1.01,0.96,1.06,positive,5.9,0
MA-023,41830012,41830012_CardiovascularDeath.csv,CardiovascularDeath,dichotomous,RR,0.97,0.88,1.07,negative,17.0,0.0053
MA-024,41830012,41830012_MACE.csv,MACE,dichotomous,RR,0.93,0.86,1.01,negative,28.9,0.0030
MA-025,41830012,41830012_MI.csv,MI,dichotomous,RR,0.97,0.91,1.03,negative,0.0,0
MA-026,41830012,41830012_Stroke.csv,Stroke,dichotomous,RR,0.91,0.81,1.04,negative,41.0,0.0082
MA-027,40325863,40325863.csv,40325863,continuous,SMD,1.68,0.71,2.65,positive,91.002,1.731
MA-028,41761990,41761990_Albumin.csv,Albumin,continuous,WMD,0.07,-0.02,0.17,positive,0.0,
MA-029,41761990,41761990_BUN.csv,BUN,continuous,WMD,-0.41,-3.16,2.33,negative,76.4,
MA-030,41761990,41761990_Creatinine.csv,Creatinine,continuous,WMD,-0.01,-0.03,0.01,negative,25.1,
MA-031,41761990,41761990_Urea.csv,Urea,continuous,WMD,-2.53,-4.09,-0.96,negative,0.0,
MA-032,41761990,41761990_UricAcid.csv,UricAcid,continuous,WMD,-1.46,-2.93,0.02,negative,97.6,
MA-033,41938012,41938012_CO.csv,CO,dichotomous,OR,1.48,1.06,2.06,positive,92.1,
MA-034,41938012,41938012_HighTemperature.csv,HighTemperature,dichotomous,OR,1.39,1.07,1.79,positive,98.5,
MA-035,41938012,41938012_NO2.csv,NO2,dichotomous,OR,1.17,1.00,1.38,positive,80.3,
MA-036,41938012,41938012_Ozone.csv,Ozone,dichotomous,OR,1.27,1.01,1.60,positive,96.2,
MA-037,41938012,41938012_ParticulateMatter.csv,ParticulateMatter,dichotomous,OR,1.15,1.06,1.24,positive,89.0,
MA-038,41938012,41938012_SO2.csv,SO2,dichotomous,OR,1.60,1.20,2.13,positive,97.7,
MA-039,41388744,41388744_DBP.csv,DBP,continuous,WMD,-1.20,-2.84,0.44,negative,84.3,
MA-040,41388744,41388744_SBP.csv,SBP,continuous,WMD,-2.69,-3.83,-1.55,negative,30.1,
MA-041,41888952,41888952_HDL-C.csv,HDL-C,continuous,WMD,-1.17,-1.93,-0.41,negative,0.0,
MA-042,41888952,41888952_LDL-C.csv,LDL-C,continuous,WMD,-3.21,-6.32,-0.10,negative,0.0,
MA-043,41888952,41888952_TC.csv,TC,continuous,WMD,-6.72,-10.39,-3.05,negative,10.3,
MA-044,41888952,41888952_TG.csv,TG,continuous,WMD,-4.21,-17.75,9.33,negative,68.0,
MA-045,41901064,41901064_DBP.csv,DBP,continuous,WMD,-2.15,-3.68,-0.61,negative,0.0,0
MA-046,41901064,41901064_SBP.csv,SBP,continuous,WMD,-1.58,-3.69,0.53,negative,15.5,2.5933
MA-047,42003421,42003421_DBP.csv,DBP,continuous,MD,-1.31,-2.98,0.36,negative,70.9,
MA-048,42003421,42003421_SBP.csv,SBP,continuous,MD,-1.31,-3.32,0.69,negative,54.0,
MA-049,42032055,42032055_Dyspareunia.csv,Dyspareunia,continuous,SMD,-0.54,-1.32,0.23,negative,91,0.56
MA-050,42032055,42032055_VaginalDryness.csv,VaginalDryness,continuous,SMD,-1.88,-3.24,-0.53,negative,97,3.11
MA-051,42015424,42015424_ESelectin.csv,ESelectin,continuous,WMD,-3.95,-6.42,-1.47,negative,0.0,
MA-052,42015424,42015424_ICAM.csv,ICAM,continuous,WMD,-14.37,-32.64,3.90,negative,0.0,
MA-053,42015424,42015424_VCAM.csv,VCAM,continuous,WMD,-1.51,-44.52,41.50,negative,0.0,
MA-054,39952828,39952828.csv,39952828,continuous,SMD,-0.66,-0.89,-0.43,negative,60.7,
MA-055,41065407,41065407_Disability.csv,Disability,continuous,SMD,-2.29,-3.23,-1.35,negative,94,2.62
MA-056,41065407,41065407_PainIntensity.csv,PainIntensity,continuous,SMD,-1.15,-1.67,-0.62,negative,78,0.52
MA-057,41065407,41065407_QoL.csv,QoL,continuous,SMD,0.82,0.19,1.46,positive,74,0.45
MA-058,41743679,41743679_30CST.csv,30CST,continuous,MD,4.24,2.89,5.60,positive,0,
MA-059,41743679,41743679_ArmCircumference.csv,ArmCircumference,continuous,MD,0.06,-0.79,0.90,positive,0,
MA-060,41743679,41743679_ArmCurlTest.csv,ArmCurlTest,continuous,MD,3.82,1.33,6.30,positive,51,3.77
MA-061,41743679,41743679_BMI.csv,BMI,continuous,MD,-0.16,-0.81,0.48,negative,0,
MA-062,41743679,41743679_BackScratch.csv,BackScratch,continuous,MD,2.84,1.94,3.74,positive,0,
MA-063,41743679,41743679_BodyFatMass.csv,BodyFatMass,continuous,MD,-1.35,-2.90,0.20,negative,0,
MA-064,41743679,41743679_BodyFatPercentage.csv,BodyFatPercentage,continuous,MD,-1.69,-2.26,-1.13,negative,4,
MA-065,41743679,41743679_BodyWeight.csv,BodyWeight,continuous,MD,-0.74,-2.08,0.60,negative,0,
MA-066,41743679,41743679_HDL-C.csv,HDL-C,continuous,MD,0.03,-0.06,0.12,positive,0,
MA-067,41743679,41743679_HandGripTest.csv,HandGripTest,continuous,MD,2.64,0.02,5.26,positive,38,
MA-068,41743679,41743679_HipCircumference.csv,HipCircumference,continuous,MD,-0.96,-3.59,1.67,negative,0,
MA-069,41743679,41743679_LDL-C.csv,LDL-C,continuous,MD,-0.18,-0.44,0.09,negative,0,
MA-070,41743679,41743679_SitAndReach.csv,SitAndReach,continuous,MD,3.54,0.43,6.66,positive,81,10.10
MA-071,41743679,41743679_TUG.csv,TUG,continuous,MD,-1.09,-1.59,-0.60,negative,69,0.12
MA-072,41743679,41743679_ThighCircumference.csv,ThighCircumference,continuous,MD,0.04,-1.31,1.39,positive,0,
MA-073,41743679,41743679_TotalCholesterol.csv,TotalCholesterol,continuous,MD,-0.29,-0.56,-0.02,negative,0,
MA-074,41743679,41743679_Triglycerides.csv,Triglycerides,continuous,MD,-0.09,-0.33,0.16,negative,64,0.04
MA-075,41743679,41743679_WaistCircumference.csv,WaistCircumference,continuous,MD,-1.56,-4.80,1.68,negative,0,
MA-076,41743679,41743679_WaistToHipRatio.csv,WaistToHipRatio,continuous,MD,0.00,-0.02,0.03,null,0,
MA-077,41601519,41601519_DepressiveSymptoms.csv,DepressiveSymptoms,continuous,SMD,-0.63,-0.81,-0.46,negative,90.13,0.10
MA-078,41601519,41601519_InsomniaSeverity.csv,InsomniaSeverity,continuous,SMD,-0.94,-1.40,-0.48,negative,98.63,0.84
MA-079,41601519,41601519_SleepEfficiency.csv,SleepEfficiency,continuous,SMD,0.59,0.37,0.81,positive,67.00,0.05
MA-080,41656984,41656984_Anxiety.csv,Anxiety,continuous,SMD,-0.09,-0.15,-0.04,negative,0,
MA-081,41656984,41656984_Depression.csv,Depression,continuous,SMD,-0.26,-0.64,0.12,negative,98,0.47
MA-082,41656984,41656984_QualityOfLife.csv,QualityOfLife,continuous,SMD,0.22,0.05,0.39,positive,76,0.06
MA-083,41656984,41656984_SelfEfficacy.csv,SelfEfficacy,continuous,SMD,0.18,0.02,0.33,positive,69,0.04
MA-084,41656984,41656984_SelfManagementBehavior.csv,SelfManagementBehavior,continuous,SMD,1.15,0.45,1.86,positive,95,0.60
MA-085,41561801,41561801_Adiponectin.csv,Adiponectin,continuous,MD,0.15,-0.43,0.72,positive,37,0.12
MA-086,41561801,41561801_BMI.csv,BMI,continuous,MD,-0.49,-0.70,-0.27,negative,0,
MA-087,41561801,41561801_CRP.csv,CRP,continuous,MD,-0.07,-0.13,-0.02,negative,80,0.00
MA-088,41561801,41561801_IL-6.csv,IL-6,continuous,MD,-0.33,-0.60,-0.05,negative,89,0.08
MA-089,41561801,41561801_TNF-alpha.csv,TNF-alpha,continuous,MD,-0.66,-1.07,-0.25,negative,93,0.30
MA-090,41561801,41561801_WC.csv,WC,continuous,MD,-2.03,-4.06,-0.01,negative,42,3.30
MA-091,41639864,41639864_VEGF.csv,VEGF,continuous,SMD,-0.08,-0.25,0.10,negative,32.9,0.030
MA-092,41652340,41652340_CCL2.csv,CCL2,continuous,MD,-3.29,-25.91,15.59,negative,,
MA-093,41652340,41652340_IL-6.csv,IL-6,continuous,MD,-0.04,-0.97,0.91,negative,,
MA-094,41652340,41652340_IL-8.csv,IL-8,continuous,MD,-0.25,-3.54,2.88,negative,,
MA-095,41652340,41652340_TNF-alpha.csv,TNF-alpha,continuous,MD,-0.03,-1.44,1.38,negative,,
